Date,New Books,Removed Books,Price Changes,Change Details
2026-05-12,0,0,0,
2026-05-16,1,0,0,"1 new books detected:
TEST AI MONITOR BOOK
https://test-url.com"
2026-05-16,1,0,0,"1 new books detected:
TEST AI MONITOR BOOK
https://test-url.com"
2026-05-16,1,0,0,"1 new books detected:
TEST AI MONITOR BOOK
https://test-url.com"
2026-05-16,1,0,0,"1 new books detected:
TEST AI MONITOR BOOK
https://test-url.com"
2026-05-16,1,0,0,"1 new books detected:
TEST AI MONITOR BOOK
https://test-url.com"
2026-05-16,1,0,0,"1 new books detected:
TEST AI MONITOR BOOK
https://test-url.com"
2026-05-18,0,0,0,No updates detected this week.
2026-06-02,0,0,2,"Price changes detected:

                O-L Unsolved Topical Computer Science Paper 1 (2026-2027 Edition)            : Rs.1300 → Rs.1600 (23.08%)
https://msbooks.pk/product/o-level-unsolved-topical-computer-science-paper-1/


                O-L Unsolved Topical Computer Science Paper 2 (2026-2027 Edition)            : Rs.1400 → Rs.1850 (32.14%)
https://msbooks.pk/product/o-level-unsolved-topical-computer-science-paper-2/"
2026-06-02,0,0,0,No updates detected this week.
2026-06-08,0,0,0,No updates detected this week.
2026-06-08,0,0,0,No updates detected this week.
2026-06-08,0,0,0,No updates detected this week.
2026-06-15,0,0,0,No updates detected this week.
2026-06-24,0,0,0,No updates detected this week.
2026-06-29,8,8,0,"8 new books detected:

                O-L Unsolved Topical Chemistry Paper 1 (2026-2027 Edition)            
https://msbooks.pk/product/o-l-unsolved-topical-chemistry-paper-1-2026-2027-edition/


                O-L Unsolved Topical Business Studies Paper 1 (2026-2027 Edition)            
https://msbooks.pk/product/o-l-unsolved-topical-business-studies-paper-1-2026-2027-edition/


                O Level Yearly Unsolved Statistics Paper 2 (W21-W25)            
https://msbooks.pk/product/o-level-yearly-unsolved-statistics-paper-2-w21-w25/


                O-L Unsolved Topical Biology Paper 4 (2026-2027 Edition)            
https://msbooks.pk/product/o-l-unsolved-topical-biology-paper-4-2026-2027-edition/


                A Level Yearly Unsolved Urdu Paper 2, 3, & 4 (S21-W25)            
https://msbooks.pk/product/a-level-yearly-unsolved-urdu-paper-2-3-4-s21-w25/


                O-L Unsolved Topical Biology Paper 1 (2026-2027 Edition)            
https://msbooks.pk/product/o-l-unsolved-topical-biology-paper-1-2026-2027-edition/


                O-L Unsolved Topical Business Studies Paper 2 (2026-2027 Edition)            
https://msbooks.pk/product/o-l-unsolved-topical-business-studies-paper-2-2026-2027-edition/


                O Level Yearly Unsolved Urdu A Paper 1 & 2 (S21-S25)            
https://msbooks.pk/product/o-level-yearly-unsolved-urdu-a-paper-1-2-s21-s25/

8 books removed:

                O-L Unsolved Topical Biology Paper 4 (2025-2026 Edition)            
https://msbooks.pk/product/o-level-unsolved-topical-biology-paper-4/


                O-L Unsolved Topical Biology Paper 1 (2025-2026 Edition)            
https://msbooks.pk/product/o-level-unsolved-topical-biology-paper-1/


                O-L Unsolved Topical Chemistry Paper 1 (2025-2026 Edition)            
https://msbooks.pk/product/o-level-unsolved-topical-chemistry-paper-1/


                O Level Yearly Unsolved Statistics Paper 2 (W20-W24)            
https://msbooks.pk/product/o-level-unsolved-yearly-statistics-paper-2-five-years/


                O Level Yearly Unsolved Urdu A Paper 1 & 2  (S21-S25)            
https://msbooks.pk/product/o-level-unsolved-yearly-urdu-a-paper-1-and-2-five-years/


                O-L Unsolved Topical Business Studies Paper 2 (2025-2026 Edition)            
https://msbooks.pk/product/o-level-unsolved-topical-Business-paper-2/


                A Level Yearly Unsolved Urdu Paper 2, 3, & 4  (S21-W25)            
https://msbooks.pk/product/a-level-unsolved-yearly-urdu-paper-2-3-and-4-five-years/


                O-L Unsolved Topical Business Studies Paper 1 (2025-2026 Edition)            
https://msbooks.pk/product/o-level-unsolved-topical-Business-paper-1/"
2026-07-06,3,8,0,"3 new books detected:

                A Level Yearly Unsolved Urdu Paper 2, 3, & 4  (S21-W25)            
https://msbooks.pk/product/a-level-unsolved-yearly-urdu-paper-2-3-and-4-five-years/


                O Level Yearly Unsolved Urdu A Paper 1 & 2  (S21-S25)            
https://msbooks.pk/product/o-level-unsolved-yearly-urdu-a-paper-1-and-2-five-years/


                O Level Yearly Unsolved Urdu A Paper 1 & 2 (S14-S25)            
https://msbooks.pk/product/o-level-unsolved-yearly-urdu-a-paper-1-and-2-ten-years/

8 books removed:

                O Level Yearly Unsolved Urdu A Paper 1 & 2 (S21-S25)            
https://msbooks.pk/product/o-level-yearly-unsolved-urdu-a-paper-1-2-s21-s25/


                A Level Yearly Unsolved Urdu Paper 2, 3, & 4 (S21-W25)            
https://msbooks.pk/product/a-level-yearly-unsolved-urdu-paper-2-3-4-s21-w25/


                O Level Yearly Unsolved Urdu A Paper 1 & 2 (S14-S24)            
https://msbooks.pk/product/o-level-yearly-unsolved-urdu-a-paper-1-2-s14-s24/


                A Level Computer P4 (VB) Notes by Navid Saqib            
https://msbooks.pk/product/a-level-computer-p4-vb-notes-by-navid-saqib/


                A Level Computer P1 Notes by Navid Saqib.            
https://msbooks.pk/product/a-level-computer-p1-notes-by-navid-saqib/


                A Level Computer P2 (python) Notes by Navid Saqib            
https://msbooks.pk/product/a-level-computer-p2-python-notes-by-navid-saqib/


                O Level Computer Notes P1 & P2 by Navid Saqib            
https://msbooks.pk/product/o-level-computer-notes-p1-and-p2-by-navid-saqib/


                A Level Computer P2 (V.B) Notes by Navid Saqib            
https://msbooks.pk/product/a-level-computer-p2-v-b-notes-by-navid-saqib/"
2026-07-13,3,3,0,"3 new books detected:

                O-L Unsolved Topical Mathematics Paper 1 (2026-2027 Edition)            
https://msbooks.pk/product/o-level-unsolved-topical-mathematics-paper-1/


                O-L Unsolved Topical Mathematics Paper 2 (2026-2027 Edition)            
https://msbooks.pk/product/o-level-unsolved-topical-mathematics-paper-2/


                O-L Unsolved Topical Chemistry Paper 4 (2026-2027 Edition)            
https://msbooks.pk/product/o-level-unsolved-topical-chemistry-paper-4/

3 books removed:

                O-L Unsolved Topical Chemistry Paper 4 (2025-2026 Edition)            
https://msbooks.pk/product/o-level-unsolved-topical-chemistry-paper-4/


                O-L Unsolved Topical Mathematics Paper 2 (2025-2026 Edition)            
https://msbooks.pk/product/o-level-unsolved-topical-mathematics-paper-2/


                O-L Unsolved Topical Mathematics Paper 1 (2025-2026 Edition)            
https://msbooks.pk/product/o-level-unsolved-topical-mathematics-paper-1/"
2026-07-20,0,0,0,No updates detected this week.
2026-07-27,0,0,0,No updates detected this week.
2026-08-03,0,0,0,No updates detected this week.
2026-08-10,4,3,3,"4 new books detected:

                O-L Unsolved Topical Physics Paper 1 (2026-2027 Edition)            
https://msbooks.pk/product/o-level-unsolved-topical-physics-paper-1/


                A Level Urdu Textbook by Zohair Latif            
https://msbooks.pk/product/a-level-urdu-textbook-by-zohair-latif/


                O-L Unsolved Topical Chemistry Paper 2 (2026-2027 Edition)            
https://msbooks.pk/product/o-level-unsolved-topical-chemistry-paper-2/


                O-L Unsolved Topical Physics Paper 4 (2026-2027 Edition)            
https://msbooks.pk/product/o-level-unsolved-topical-physics-paper-4/

3 books removed:

                O-L Unsolved Topical Physics Paper 4 (2025-2026 Edition)            
https://msbooks.pk/product/o-level-unsolved-topical-physics-paper-4/


                O-L Unsolved Topical Physics Paper 1 (2025-2026 Edition)            
https://msbooks.pk/product/o-level-unsolved-topical-physics-paper-1/


                O-L Unsolved Topical Chemistry Paper 2 (2025-2026 Edition)            
https://msbooks.pk/product/o-level-unsolved-topical-chemistry-paper-2/

Price changes detected:

                O Level Geography Notes by Dr. Iftikhar ul Haq            : Rs.900 → Rs.950 (5.56%)
https://msbooks.pk/product/o-level-geography-notes-by-dr-iftikhar-ul-haq/


                O Level History Notes by Dr. Iftikhar ul Haq            : Rs.1150 → Rs.1200 (4.35%)
https://msbooks.pk/product/o-level-history-notes-by-dr-iftikhar-ul-haq/


                O Level Islamiyat Notes by Dr. Iftikhar ul Haq            : Rs.1550 → Rs.1600 (3.23%)
https://msbooks.pk/product/o-level-islamiyat-notes-by-dr-iftikhar-ul-haq/"
2026-08-17,2,2,0,"2 new books detected:

                O-L Unsolved Topical Physics Paper 2 (2026-2027 Edition)            
https://msbooks.pk/product/o-level-unsolved-topical-physics-paper-2/


                O-L Unsolved Topical Biology Paper 2 (2026-2027 Edition)            
https://msbooks.pk/product/o-level-unsolved-topical-biology-paper-2/

2 books removed:

                O-L Unsolved Topical Biology Paper 2 (2025-2026 Edition)            
https://msbooks.pk/product/o-level-unsolved-topical-biology-paper-2/


                O-L Unsolved Topical Physics Paper 2 (2025-2026 Edition)            
https://msbooks.pk/product/o-level-unsolved-topical-physics-paper-2/"
2026-08-24,11,10,0,"11 new books detected:

                IGCSE Unsolved Topical Maths Paper 2 (2026-2027 Edition)            
https://msbooks.pk/product/igcse-unsolved-topical-maths-paper-2/


                IGCSE Unsolved Topical Maths Paper 4 (2026-2027 Edition)            
https://msbooks.pk/product/igcse-unsolved-topical-maths-paper-4/


                IGCSE Unsolved Topical Biology Paper 4 (Theory) (2026-2027 Edition)            
https://msbooks.pk/product/igcse-unsolved-topical-biology-paper-4/


                IGCSE Unsolved Topical Chemistry Paper 4 (Theory) (2026-2027 Edition)            
https://msbooks.pk/product/igcse-unsolved-topical-chemistry-paper-4/


                IGCSE Unsolved Topical Biology Paper 2 (Mcqs) (2026-2027 Edition)            
https://msbooks.pk/product/igcse-unsolved-topical-biology-paper-2/


                IGCSE Unsolved Topical Physics Paper 6 (ATP) (2026-2027 Edition)            
https://msbooks.pk/product/igcse-unsolved-topical-physics-paper-6/


                IGCSE Unsolved Topical Biology Paper 6 (ATP) (2026-2027 Edition)            
https://msbooks.pk/product/igcse-unsolved-topical-biology-paper-6/


                IGCSE Unsolved Topical Physics Paper 4 (Theory) (2026-2027 Edition)            
https://msbooks.pk/product/igcse-unsolved-topical-physics-paper-4/


                IGCSE Unsolved Topical Physics Paper 2 (Mcqs) (2026-2027 Edition)            
https://msbooks.pk/product/igcse-unsolved-topical-physics-paper-2/


                IGCSE Unsolved Topical Chemistry Paper 2 (Mcqs) (2026-2027 Edition)            
https://msbooks.pk/product/igcse-unsolved-topical-chemistry-paper-2/


                O Level Urdu A Notes by Zohair Latif            
https://msbooks.pk/product/o-level-Urdu-a-notes-by-zohair-latif/

10 books removed:

                IGCSE Unsolved Topical Maths Paper 4 (2025-2026 Edition)            
https://msbooks.pk/product/igcse-unsolved-topical-maths-paper-4/


                IGCSE Unsolved Topical Biology Paper 4 (Theory) (2025-2026 Edition)            
https://msbooks.pk/product/igcse-unsolved-topical-biology-paper-4/


                IGCSE Unsolved Topical Chemistry Paper 2 (Mcqs) (2025-2026 Edition)            
https://msbooks.pk/product/igcse-unsolved-topical-chemistry-paper-2/


                IGCSE Unsolved Topical Physics Paper 4 (Theory) (2025-2026 Edition)            
https://msbooks.pk/product/igcse-unsolved-topical-physics-paper-4/


                IGCSE Unsolved Topical Biology Paper 2 (Mcqs) (2025-2026 Edition)            
https://msbooks.pk/product/igcse-unsolved-topical-biology-paper-2/


                IGCSE Unsolved Topical Biology Paper 6 (ATP) (2025-2026 Edition)            
https://msbooks.pk/product/igcse-unsolved-topical-biology-paper-6/


                IGCSE Unsolved Topical Chemistry Paper 4 (Theory) (2025-2026 Edition)            
https://msbooks.pk/product/igcse-unsolved-topical-chemistry-paper-4/


                IGCSE Unsolved Topical Physics Paper 6 (ATP) (2025-2026 Edition)            
https://msbooks.pk/product/igcse-unsolved-topical-physics-paper-6/


                IGCSE Unsolved Topical Maths Paper 2 (2025-2026 Edition)            
https://msbooks.pk/product/igcse-unsolved-topical-maths-paper-2/


                IGCSE Unsolved Topical Physics Paper 2 (Mcqs) (2025-2026 Edition)            
https://msbooks.pk/product/igcse-unsolved-topical-physics-paper-2/"
